date,AHP198 - Arrow East Coast Investment Grade II Fund Class F,ALD400 - AA&A Global Equity Value Fund Series F,BCM210 - Barometer Tactical Balanced Pool Class O,CCL951 - CC&L Absolute Return Fund Series F,CFM134A - Canso Short Term and Floating Rate Income Fund Class A,CRY103 - Amethyst Arbitrage Fund Class F,CVT421 - Capstone Traditional Equity Pool Fund Class I,DON201 - Donville Kent Capital Ideas Fund Class A,ECM100 - King & Victoria RSP Fund Class A Units,HIL240 - Hillsdale Canadian Small Cap Equity Fund Series A CA$,IGI1737 - IG PanAgora Risk Parity Private Pool F,KAI103 - KAI Core Equity Pool Class O,KAI303 - KAI Core Listed Equity Pool Class O,LDM031 - Nymbus Sustainable Enh Short-Term Bonds Fd Class I,LGQ785 - Purpose Credit Opportunities Fund Prescribed Series A,LWP214 - Lightwater Nimble Fund Class O,MAJ263 - Northfront Equity Fund Series N,MAJ364 - Evovest Global Equity Fund Series E,MAJ603 - Limpid Global Fund Series S,MAJ868 - TURN8 Alternative Fund Series T,MBP109 - MFS Canadian Fixed Income Fund,NBC4627 - NBI Global Tactical Bond Fund Private,NEW314 - NewGen Equity Long-Short Fund RRSP Class F,NPP507 - Ninepoint Credit Income Opportunities Fund Class F,PTL054 - Portland Focused Plus Fund LP Series P,RBF10590 - RBC Qube Market Neutral World Equity Fund (CAD Hedged) Series A,TUR170 - Turtle Creek Equity Fund Class I Series 1.0 - 170,TUR216 - Turtle Creek Equity Fund Class I Series U.S. 2.0 - 216,TUR631 - Turtle Creek US Equity Fund Class F USD Cash Distribution 1 - 631,VCC111 - Vision Strategic Opportunity Fund Limited Partnership
1980-06-30,,,,,,,,,,,,,,,,,,,,,,,,,,,,,,
1980-07-31,,,,,,,,,,,,,,,,,,,,,,,,,,,,,,
1980-08-29,,,,,,,,,,,,,,,,,,,,,,,,,,,,,,
1980-09-30,,,,,,,,,,,,,,,,,,,,,,,,,,,,,,
1980-10-31,,,,,,,,,,,,,,,,,,,,,,,,,,,,,,
1980-11-28,,,,,,,,,,,,,,,,,,,,,,,,,,,,,,
1980-12-31,,,,,,,,,,,,,,,,,,,,,,,,,,,,,,
1981-01-30,,,,,,,,,,,,,,,,,,,,,0.004004,,,,,,,,,
1981-02-27,,,,,,,,,,,,,,,,,,,,,-0.011964,,,,,,,,,
1981-03-31,,,,,,,,,,,,,,,,,,,,,0.008073,,,,,,,,,
1981-04-30,,,,,,,,,,,,,,,,,,,,,-0.064064,,,,,,,,,
1981-05-29,,,,,,,,,,,,,,,,,,,,,0.027807,,,,,,,,,
1981-06-30,,,,,,,,,,,,,,,,,,,,,0.003122,,,,,,,,,
1981-07-31,,,,,,,,,,,,,,,,,,,,,-0.061203,,,,,,,,,
1981-08-31,,,,,,,,,,,,,,,,,,,,,0.022099,,,,,,,,,
1981-09-30,,,,,,,,,,,,,,,,,,,,,-0.019459,,,,,,,,,
1981-10-30,,,,,,,,,,,,,,,,,,,,,0.083793,,,,,,,,,
1981-11-30,,,,,,,,,,,,,,,,,,,,,0.054934,,,,,,,,,
1981-12-31,,,,,,,,,,,,,,,,,,,,,-0.002893,,,,,,,,,
1982-01-29,,,,,,,,,,,,,,,,,,,,,-0.002901,,,,,,,,,
1982-02-26,,,,,,,,,,,,,,,,,,,,,0.015519,,,,,,,,,
1982-03-31,,,,,,,,,,,,,,,,,,,,,0.016237,,,,,,,,,
1982-04-30,,,,,,,,,,,,,,,,,,,,,0.030075,,,,,,,,,
1982-05-28,,,,,,,,,,,,,,,,,,,,,0.00365,,,,,,,,,
1982-06-30,,,,,,,,,,,,,,,,,,,,,-0.019091,,,,,,,,,
1982-07-30,,,,,,,,,,,,,,,,,,,,,0.027804,,,,,,,,,
1982-08-31,,,,,,,,,,,,,,,,,,,,,0.064923,,,,,,,,,
1982-09-30,,,,,,,,,,,,,,,,,,,,,0.043184,,,,,,,,,
1982-10-29,,,,,,,,,,,,,,,,,,,,,0.04789,,,,,,,,,
1982-11-30,,,,,,,,,,,,,,,,,,,,,0.020139,,,,,,,,,
1982-12-31,,,,,,,,,,,,,,,,,,,,,0.028094,,,,,,,,,
1983-01-31,,,,,,,,,,,,,,,,,,,,,-0.017725,,,,,,,,,
1983-02-28,,,,,,,,,,,,,,,,,,,,,0.042105,,,,,,,,,
1983-03-31,,,,,,,,,,,,,,,,,,,,,0.008658,,,,,,,,,
1983-04-29,,,,,,,,,,,,,,,,,,,,,0.032189,,,,,,,,,
1983-05-31,,,,,,,,,,,,,,,,,,,,,-0.002079,,,,,,,,,
1983-06-30,,,,,,,,,,,,,,,,,,,,,0.006944,,,,,,,,,
1983-07-29,,,,,,,,,,,,,,,,,,,,,-0.013793,,,,,,,,,
1983-08-31,,,,,,,,,,,,,,,,,,,,,0.003497,,,,,,,,,
1983-09-30,,,,,,,,,,,,,,,,,,,,,0.027875,,,,,,,,,
1983-10-31,,,,,,,,,,,,,,,,,,,,,0.018983,,,,,,,,,
1983-11-30,,,,,,,,,,,,,,,,,,,,,0.007319,,,,,,,,,
1983-12-30,,,,,,,,,,,,,,,,,,,,,0.001321,,,,,,,,,
1984-01-31,,,,,,,,,,,,,,,,,,,,,0.015831,,,,,,,,,
1984-02-29,,,,,,,,,,,,,,,,,,,,,-0.007792,,,,,,,,,
1984-03-30,,,,,,,,,,,,,,,,,,,,,-0.012435,,,,,,,,,
1984-04-30,,,,,,,,,,,,,,,,,,,,,0.001325,,,,,,,,,
1984-05-31,,,,,,,,,,,,,,,,,,,,,-0.013236,,,,,,,,,
1984-06-29,,,,,,,,,,,,,,,,,,,,,0.010731,,,,,,,,,
1984-07-31,,,,,,,,,,,,,,,,,,,,,0.030524,,,,,,,,,
1984-08-31,,,,,,,,,,,,,,,,,,,,,0.027044,,,,,,,,,
1984-09-28,,,,,,,,,,,,,,,,,,,,,0.018182,,,,,,,,,
1984-10-31,,,,,,,,,,,,,,,,,,,,,0.026478,,,,,,,,,
1984-11-30,,,,,,,,,,,,,,,,,,,,,0.022795,,,,,,,,,
1984-12-31,,,,,,,,,,,,,,,,,,,,,0.018182,,,,,,,,,
1985-01-31,,,,,,,,,,,,,,,,,,,,,0.020161,,,,,,,,,
1985-02-28,,,,,,,,,,,,,,,,,,,,,-0.024845,,,,,,,,,
1985-03-29,,,,,,,,,,,,,,,,,,,,,0.026057,,,,,,,,,
1985-04-30,,,,,,,,,,,,,,,,,,,,,0.019752,,,,,,,,,
1985-05-31,,,,,,,,,,,,,,,,,,,,,0.040952,,,,,,,,,
1985-06-28,,,,,,,,,,,,,,,,,,,,,0.062201,,,,,,,,,
1985-07-31,,,,,,,,,,,,,,,,,,,,,-0.051552,,,,,,,,,
1985-08-30,,,,,,,,,,,,,,,,,,,,,0.014776,,,,,,,,,
1985-09-30,,,,,,,,,,,,,,,,,,,,,0.0052,,,,,,,,,
1985-10-31,,,,,,,,,,,,,,,,,,,,,0.02328,,,,,,,,,
1985-11-29,,,,,,,,,,,,,,,,,,,,,0.026795,,,,,,,,,
1985-12-31,,,,,,,,,,,,,,,,,,,,,0.016741,,,,,,,,,
1986-01-31,,,,,,,,,,,,,,,,,,,,,-0.014528,,,,,,,,,
1986-02-28,,,,,,,,,,,,,,,,,,,,,0.027518,,,,,,,,,
1986-03-31,,,,,,,,,,,,,,,,,,,,,0.04065,,,,,,,,,
1986-04-30,,,,,,,,,,,,,,,,,,,,,0.005055,,,,,,,,,
1986-05-30,,,,,,,,,,,,,,,,,,,,,-0.010059,,,,,,,,,
1986-06-30,,,,,,,,,,,,,,,,,,,,,0.019861,,,,,,,,,
1986-07-31,,,,,,,,,,,,,,,,,,,,,0.004529,,,,,,,,,
1986-08-29,,,,,,,,,,,,,,,,,,,,,0.01578,,,,,,,,,
1986-09-30,,,,,,,,,,,,,,,,,,,,,-0.002663,,,,,,,,,
1986-10-31,,,,,,,,,,,,,,,,,,,,,0.006231,,,,,,,,,
1986-11-28,,,,,,,,,,,,,,,,,,,,,0.019903,,,,,,,,,
1986-12-31,,,,,,,,,,,,,,,,,,,,,0.011275,,,,,,,,,
1987-01-30,,,,,,,,,,,,,,,,,,,,,0.021441,,,,,,,,,
1987-02-27,,,,,,,,,,,,,,,,,,,,,0.003359,,,,,,,,,
1987-03-31,,,,,,,,,,,,,,,,,,,,,0.012552,,,,,,,,,
1987-04-30,,,,,,,,,,,,,,,,,,,,,-0.028512,,,,,,,,,
1987-05-29,,,,,,,,,,,,,,,,,,,,,0.007231,,,,,,,,,
1987-06-30,,,,,,,,,,,,,,,,,,,,,0.008446,,,,,,,,,
1987-07-31,,,,,,,,,,,,,,,,,,,,,-0.013819,,,,,,,,,
1987-08-31,,,,,,,,,,,,,,,,,,,,,-0.003397,,,,,,,,,
1987-09-30,,,,,,,,,,,,,,,,,,,,,-0.010226,,,,,,,,,
1987-10-30,,,,,,,,,,,,,,,,,,,,,0.052518,,,,,,,,,
1987-11-30,,,,,,,,,,,,,,,,,,,,,-0.013497,,,,,,,,,
1987-12-31,,,,,,,,,,,,,,,,,,,,,0.019071,,,,,,,,,
1988-01-29,,,,,,,,,,,,,,,,,,,,,0.037836,,,,,,,,,
1988-02-29,,,,,,,,,,,,,,,,,,,,,0.008232,,,,,,,,,
1988-03-31,,,,,,,,,,,,,,,,,,,,,-0.007387,,,,,,,,,
1988-04-29,,,,,,,,,,,,,,,,,,,,,-0.003525,,,,,,,,,
1988-05-31,,,,,,,,,,,,,,,,,,,,,0.011006,,,,,,,,,
1988-06-30,,,,,,,,,,,,,,,,,,,,,0.013219,,,,,,,,,
1988-07-29,,,,,,,,,,,,,,,,,,,,,-0.003454,,,,,,,,,
1988-08-31,,,,,,,,,,,,,,,,,,,,,-0.004621,,,,,,,,,
1988-09-30,,,,,,,,,,,,,,,,,,,,,0.019342,,,,,,,,,
1988-10-31,,,,,,,,,,,,,,,,,,,,,0.019734,,,,,,,,,
1988-11-30,,,,,,,,,,,,,,,,,,,,,-0.005582,,,,,,,,,
1988-12-30,,,,,,,,,,,,,,,,,,,,,0.002994,,,,,,,,,
1989-01-31,,,,,,,,,,,,,,,,,,,,,0.013806,,,,,,,,,
1989-02-28,,,,,,,,,,,,,,,,,,,,,-0.014354,,,,,,,,,
1989-03-31,,,,,,,,,,,,,,,,,,,,,0.013816,,,,,,,,,
1989-04-28,,,,,,,,,,,,,,,,,,,,,0.026151,,,,,,,,,
1989-05-31,,,,,,,,,,,,,,,,,,,,,0.023331,,,,,,,,,
1989-06-30,,,,,,,,,,,,,,,,,,,,,0.023501,,,,,,,,,
1989-07-31,,,,,,,,,,,,,,,,,,,,,0.014393,,,,,,,,,
1989-08-31,,,,,,,,,,,,,,,,,,,,,-0.005743,,,,,,,,,
1989-09-29,,,,,,,,,,,,,,,,,,,,,-0.001699,,,,,,,,,
1989-10-31,,,,,,,,,,,,,,,,,,,,,0.019061,,,,,,,,,
1989-11-30,,,,,,,,,,,,,,,,,,,,,0.000668,,,,,,,,,
1989-12-29,,,,,,,,,,,,,,,,,,,,,0.008011,,,,,,,,,
1990-01-31,,,,,,,,,,,,,,,,,,,,,-0.003311,,,,,,,,,
1990-02-28,,,,,,,,,,,,,,,,,,,,,-0.022591,,,,,,,,,
1990-03-30,,,,,,,,,,,,,,,,,,,,,-0.010197,,,,,,,,,
1990-04-30,,,,,,,,,,,,,,,,,,,,,-0.006868,,,,,,,,,
1990-05-31,,,,,,,,,,,,,,,,,,,,,0.038728,,,,,,,,,
1990-06-29,,,,,,,,,,,,,,,,,,,,,0.01265,,,,,,,,,
1990-07-31,,,,,,,,,,,,,,,,,,,,,0.01808,,,,,,,,,
1990-08-31,,,,,,,,,,,,,,,,,,,,,0.004198,,,,,,,,,
1990-09-28,,,,,,,,,,,,,,,,,,,,,-0.007074,,,,,,,,,
1990-10-31,,,,,,,,,,,,,,,,,,,,,0.015868,,,,,,,,,
1990-11-30,,,,,,,,,,,,,,,,,,,,,0.026458,,,,,,,,,
1990-12-31,,,,,,,,,,,,,,,,,,,,,0.018323,,,,,,,,,
1991-01-31,,,,,,,,,,,,,,,,,,,,,0.020433,,,,,,,,,
1991-02-28,,,,,,,,,,,,,,,,,,,,,0.028093,,,,,,,,,
1991-03-28,,,,,,,,,,,,,,,,,,,,,0.010465,,,,,,,,,
1991-04-30,,,,,,,,,,,,,,,,,,,,,0.008918,,,,,,,,,
1991-05-31,,,,,,,,,,,,,,,,,,,,,0.006273,,,,,,,,,
1991-06-28,,,,,,,,,,,,,,,,,,,,,-0.013035,,,,,,,,,
1991-07-31,,,,,,,,,,,,,,,,,,,,,0.016078,,,,,,,,,
1991-08-30,,,,,,,,,,,,,,,,,,,,,0.021192,,,,,,,,,
1991-09-30,,,,,,,,,,,,,,,,,,,,,0.037659,,,,,,,,,
1991-10-31,,,,,,,,,,,,,,,,,,,,,0.028186,,,,,,,,,
1991-11-29,,,,,,,,,,,,,,,,,,,,,0.010815,,,,,,,,,
1991-12-31,,,,,,,,,,,,,,,,,,,,,0.021911,,,,,,,,,
1992-01-31,,,,,,,,,,,,,,,,,,,,,-0.007206,,,,,,,,,
1992-02-28,,,,,,,,,,,,,,,,,,,,,0.005867,,,,,,,,,
1992-03-31,,,,,,,,,,,,,,,,,,,,,-0.015362,,,,,,,,,
1992-04-30,,,,,,,,,,,,,,,,,,,,,0.004673,,,,,,,,,
1992-05-29,,,,,,,,,,,,,,,,,,,,,0.034413,,,,,,,,,
1992-06-30,,,,,,,,,,,,,,,,,,,,,0.02312,,,,,,,,,
1992-07-31,,,,,,,,,,,,,,,,,,,,,0.049062,,,,,,,,,
1992-08-31,,,,,,,,,,,,,,,,,,,,,0.010027,,,,,,,,,
1992-09-30,,,,,,,,,,,,,,,,,,,,,-0.025069,,,,,,,,,
1992-10-30,,,,,,,,,,,,,,,,,,,,,0.026504,,,,,,,,,
1992-11-30,,,,,,,,,,,,,,,,,,,,,-0.029079,,,,,,,,,
1992-12-31,,,,,,,,,,,,,,,,,,,,,0.021296,,,,,,,,,
1993-01-29,,,,,,,,,,,,,,,,,,,,,0.002583,,,,,,,,,
1993-02-26,,,,,,,,,,,,,,,,,,,,,0.035195,,,,,,,,,
1993-03-31,,,,,,,,,,,,,,,,,,,,,0.001331,,,,,,,,,
1993-04-30,,,,,,,,,,,,,,,,,,,,,0.006074,,,,,,,,,
1993-05-28,,,,,,,,,,,,,,,,,,,,,0.010688,,,,,,,,,
1993-06-30,,,,,,,,,,,,,,,,,,,,,0.020484,,,,,,,,,
1993-07-30,,,,,,,,,,,,,,,,,,,,,0.023849,,,,,,,,,
1993-08-31,,,,,,,,,,,,,,,,,,,,,0.029804,,,,,,,,,
1993-09-30,,,,,,,,,,,,,,,,,,,,,-0.011441,,,,,,,,,
1993-10-29,,,,,,,,,,,,,,,,,,,,,0.029542,,,,,,,,,
1993-11-30,,,,,,,,,,,,,,,,,,,,,0.002092,,,,,,,,,
1993-12-31,,,,,,,,,,,,,,,,,,,,,0.021698,,,,,,,,,
1994-01-31,,,,,,,,,,,,,,,,,,,,,0.02436,,,,,,,,,
1994-02-28,,,,,,,,,,,,,,,,,,,,,-0.031756,,,,,,,,,
1994-03-31,,,,,,,,,,,,,,,,,,,,,-0.04888,,,,,,,,,
1994-04-29,,,,,,,,,,,,,,,,,,,,,-0.004428,,,,,,,,,
1994-05-31,,,,,,,,,,,,,,,,,,,,,-0.019967,,,,,,,,,
1994-06-30,,,,,,,,,,,,,,,,,,,,,-0.020922,,,,,,,,,
1994-07-29,,,,,,,,,,,,,,,,,,,,,0.016552,,,,,,,,,
1994-08-31,,,,,,,,,,,,,,,,,,,,,0.030901,,,,,,,,,
1994-09-30,,,,,,,,,,,,,,,,,,,,,-0.00068,,,,,,,,,
1994-10-31,,,,,,,,,,,,,,,,,,,,,-0.004796,,,,,,,,,
1994-11-30,,,,,,,,,,,,,,,,,,,,,0.005677,,,,,,,,,
1994-12-30,,,,,,,,,,,,,,,,,,,,,0.005165,,,,,,,,,
1995-01-31,,,,,,,,,,,,,,,,,,,,,0.003577,,,,,,,,,
1995-02-28,,,,,,,,,,,,,,,,,,,,,0.048874,,,,,,,,,
1995-03-31,,,,,,,,,,,,,,,,,,,,,0.003468,,,,,,,,,
1995-04-28,,,,,,,,,,,,,,,,,,,,,0.020194,,,,,,,,,
1995-05-31,,,,,,,,,,,,,,,,,,,,,0.032663,,,,,,,,,
1995-06-30,,,,,,,,,,,,,,,,,,,,,0.004156,,,,,,,,,
1995-07-31,,,,,,,,,,,,,,,,,,,,,-0.017175,,,,,,,,,
1995-08-31,,,,,,,,,,,,,,,,,,,,,0.030409,,,,,,,,,
1995-09-29,,,,,,,,,,,,,,,,,,,,,0.017734,,,,,,,,,
1995-10-31,,,,,,,,,,,,,,,,,,,,,0.018414,,,,,,,,,
1995-11-30,,,,,,,,,,,,,,,,,,,,,0.029754,,,,,,,,,
1995-12-29,,,,,,,,,,,,,,,,,,,,,0.010161,,,,,,,,,
1996-01-31,,,,,,,,,,,,,,,,,,,,,0.011742,,,,,,,,,
1996-02-29,,,,,,,,,,,,,,,,,,,,,0.020332,,,,,,,,,
1996-03-29,,,,,,,,,,,,,,,,,,,,,-0.035188,,,,,,,,,
1996-04-30,,,,,,,,,,,,,,,,,,,,,0.001341,,,,,,,,,
1996-05-31,,,,,,,,,,,,,,,,,,,,,0.00901,,,,,,,,,
1996-06-28,,,,,,,,,,,,,,,,,,,,,0.009657,,,,,,,,,
1996-07-31,,,,,,,,,,,,,,,,,,,,,0.011524,,,,,,,,,
1996-08-30,,,,,,,,,,,,,,,,,,,,,0.015715,,,,,,,,,
1996-09-30,,,,,,,,,,,,,,,,,,,,,0.023202,,,,,,,,,
1996-10-31,,,,,,,,,,,,,,,,,,,,,0.043963,,,,,,,,,
1996-11-29,,,,,,,,,,,,,,,,,,,,,0.027977,,,,,,,,,
1996-12-31,,,,,,,,,,,,,,,,,,,,,-0.01726,,,,,,,,,
1997-01-31,,,,,,,,,,,,,,,,,,,,,-0.00232,,,,,,,,,
1997-02-28,,,,,,,,,,,,,,,,,,,,,0.013916,,,,,,,,,
1997-03-31,,,,,,,,,,,,,,,,,,,,,-0.013337,,,,,,,,,
1997-04-30,,,,,,,,,,,,,,,,,,,,,0.012509,,,,,,,,,
1997-05-30,,,,,,,,,,,,,,,,,,,,,0.01504,,,,,,,,,
1997-06-30,,,,,,,,,,,,,,,,,,,,,0.013488,,,,,,,,,
1997-07-31,,,,,,,,,,,,,,,,,,,,,0.037798,,,,,,,,,
1997-08-29,,,,,,,,,,,,,,,,,,,,,-0.008906,,,,,,,,,
1997-09-30,,,,,,,,,,,,,,,,,,,,,0.018624,,,,,,,,,
1997-10-31,,,,,,,,,,,,,,,,,,,,,0.019839,,,,,,,,,
1997-11-28,,,,,,,,,,,,,,,,,,,,,-0.001018,,,,,,,,,
1997-12-31,,,,,,,,,,,,,,,,,,,,,0.002575,,,,,,,,,
1998-01-30,,,,,,,,,,,,,,,,,,,,,0.015326,,,,,,,,,
1998-02-27,,,,,,,,,,,,,,,,,,,,,0.001019,,,,,,,,,
1998-03-31,,,,,,,,,,,,,,,,,,,,,0.025047,,,,,,,,,
1998-04-30,,,,,,,,,,,,,,,,,,,,,-0.009891,,,,,,,,,
1998-05-29,,,,,,,,,,,,,,,,,,,,,0.008125,,,,,,,,,
1998-06-30,,,,,,,,,,,,,,,,,,,,,0.026119,,,,,,,,,
1998-07-31,,,,,,,,,,,,,,,,,,,,,-0.022769,,,,,,,,,
1998-08-31,,,,,,,,,,,,,,,,,,,,,-0.012027,,,,,,,,,
1998-09-30,,,,,,,,,,,,,,,,,,,,,0.043381,,,,,,,,,
1998-10-30,,,,,,,,,,,,,,,,,,,,,-0.002248,,,,,,,,,
1998-11-30,,,,,,,,,,,,,,,,,,,,,0.009882,,,,,,,,,
1998-12-31,,,,,,,,,,,,,,,,,,,,,0.010501,,,,,,,,,
1999-01-29,,,,,,,,,,,,,,,,,,,,,0.004129,,,,,,,,,
1999-02-26,,,,,,,,,,,,,,,,,,,,,-0.018025,,,,,,,,,
1999-03-31,,,,,,,,,,,,,,,,,,,,,0.020322,,,,,,,,,
1999-04-30,,,,,,,,,,,,,,,,,,,,,0.000335,,,,,,,,,
1999-05-28,,,,,,,,,,,,,,,,,,,,,-0.009421,,,,,,,,,
1999-06-30,,,,,,,,,,,,,,,,,,,,,-0.003245,,,,,,,,,
1999-07-30,,,,,,,,,,,,,,,,,,,,,-0.008399,,,,,,,,,
1999-08-31,,,,,,,,,,,,,,,,,,,,,0.002443,,,,,,,,,
1999-09-30,,,,,,,,,,,,,,,,,,,,,0.005474,,,,,,,,,
1999-10-29,,,,,,,,,,,,,,,,,,,,,-0.014294,,,,,,,,,
1999-11-30,,,,,,,,,,,,,,,,,,,,,0.003348,,,,,,,,,
1999-12-31,,,,,,,,,,,,,,,,,,,,,-0.003019,,,,,,,,,
2000-01-31,,,,,,,,,,,,,,,,,,,,,-0.005037,,,,,,,,,
2000-02-29,,,,,,,,,,,,,,,,,,,,,0.031618,,,,,,,,,
2000-03-31,,,,,,,,,,,,,,,,,,,,,0.011884,,,,,,,,,
2000-04-28,,,,,,,,,,,,,,,,,,,,,-0.008813,,,,,,,,,
2000-05-31,,,,,,,,,,,,,,,,,,,,,0.011114,,,,,,,,,
2000-06-30,,,,,,,,,,,,,,,,,,,,,0.016284,,,,,,,,,
2000-07-31,,,,,,,,,,,,,,,,,,,,,0.002514,,,,,,,,,
2000-08-31,,,,,,,,,,,,,,,,,,,,,0.01661,,,,,,,,,
2000-09-29,,,,,,,,,,,,,,,,,,,,,0.003365,,,,,,,,,
2000-10-31,,,,,,,,,,,,,,,,,,,,,-0.00075,,,,,,,,,
2000-11-30,,,,,,,,,,,,,,,,,,,,,0.022883,,,,,,,,,
2000-12-29,,,,,,,,,,,,,,,,,,,,,0.011227,,,,,,,,,
2001-01-31,,,,,,,,,,,,,,,,,,,,,0.008937,,,,,,,,,
2001-02-28,,,,,,,,,,,,,,,,,,,,,0.009275,,,,,,,,,
2001-03-30,,,,,,,,,,,,,,,,,,,,,0.002797,,,,,,,,,
2001-04-30,,,,,,,,,,,,,,,,,,,,,-0.008673,,,,,,,,,
2001-05-31,,,,,,,,,,,,,,,,,,,,,0.002373,,,,,,,,,
2001-06-29,,,,,,,,,,,,,,,,,,,,,0.000332,,,,,,,,,
2001-07-31,,,,,,,,,,,,,,,,,,,,,0.017134,,,,,,,,,
2001-08-31,,,,,,,,,,,,,,,,,,,,,0.021101,,,,,,,,,
2001-09-28,,,,,,,,,,,,,,,,,,,,,0.008636,,,,,,,,,
2001-10-31,,,,,,,,,,,,,,,,,,,,,0.032277,,,,,,,,,
2001-11-30,,,,,,,,,,,,,,,,,,,,,-0.008319,,,,,,,,,
2001-12-31,,,,,,,,,,,,,,,,,,,,,-0.001708,,,,,,,,,
2002-01-31,,,,,,,,,,,,,,,,,,,,,0.002326,,,,,,,,,
2002-02-28,,,,,,,,,,,,,,,,,,,,,0.005297,,,,,,,,,
2002-03-28,,,,,,,,,,,,,,,,,,,,,-0.016771,,,,,,,,,
2002-04-30,,,,,,,,,,,,,,,,,,,,,0.013742,,,,,,,,,
2002-05-31,,,,,,,,,,,,,,,,,,,,,0.008531,,,,,,,,,
2002-06-28,,,,,,,,,,,,,,,,,,,,,0.005829,,,,,,,,,
2002-07-31,,,,,,,,,,,,,,,,,,,,,0.014144,,,,,,,,,
2002-08-30,,,,,,,,,,,,,,,,,,,,,0.012762,,,,,,,,,
2002-09-30,,,,,,,,,,,,,,,,,,,,,0.012509,,,,,,,,,
2002-10-31,,,,,,,,,,,,,,,,,,,,,-0.00272,,,,,,,,,
2002-11-29,,,,,,,,,,,,,,,,,,,,,0.003505,,,,,,,,,
2002-12-31,,,,,,,,,,,,,,,,,,,,,0.018745,,,,,,,,,
2003-01-31,,,,,,,,,,,,,,,,,,,,,-0.00708,,,,,,,,,
2003-02-28,,,,,,,,,,,,,,,,,,,,,0.006445,,,,,,,,,
2003-03-31,,,,,,,,,,,,,,,,,,,,,-0.004619,,,,,,,,,
2003-04-30,,,,,,,,,,,,,,,,,,,,,0.014965,,,,,,,,,
2003-05-30,,,,,,,,,,0.031717,,,,,,,,,,,0.030708,,,,,,,,,
2003-06-30,,,,,,,,,,0.023596,,,,,,,,,,,0.003084,,,,,,,,,
2003-07-31,,,,,,,,,,0.048949,,,,,,,,,,,-0.014094,,,,,,,,,
2003-08-29,,,,,,,,,,0.06612,,,,,,,,,,,0.005412,,,,,,,,,
2003-09-30,,,,,,,,,,0.012521,,,,,,,,,,,0.020921,,,,,,,,,
2003-10-31,,,,,,,,,,0.092073,,,,,,,,,,,-0.011136,,,,,,,,,
2003-11-28,,,,,,,,,,0.008837,,,,,,,,,,,0.003887,,,,,,,,,
2003-12-31,,,,,,,,,,0.058357,,,,,,,,,,,0.01571,,,,,,,,,
2004-01-30,,,,,,,,,,0.069634,,,,,,,,,,,0.013421,,,,,,,,,
2004-02-27,,,,,,,,,,0.082901,,,,,,,,,,,0.013367,,,,,,,,,
2004-03-31,,,,,,,,,,0.002926,,,,,,,,,,,0.004887,,,,,,,,,
2004-04-30,,,,,,,,,,-0.056838,,,,,,,,,,,-0.011981,,,,,,,,,
2004-05-28,,,,,,,,,,-0.017988,,,,,,,,,,,-0.008462,,,,,,,,,
2004-06-30,,,,,,,,,,0.019782,,,,,,,,,,,-0.000804,,,,,,,,,
2004-07-30,,,,,,,,,,-0.017907,,,,,,,,,,,0.009548,,,,,,,,,
2004-08-31,,,,,,,,,,-0.028373,,,,,,,,,,,0.017771,,,,,,,,,
2004-09-30,,,,,,,,,,0.065249,,,,,,,,,,,0.003918,,,,,,,,,
2004-10-29,,,,,,,,,0.0,0.010819,,,,,,,,,,,0.012661,,,,,,,,,
2004-11-30,,,,,,,,,0.12492,0.087669,,,,,,,,,,,0.006822,,,,,,,,,
2004-12-31,,,,,,,,,0.035087,0.034771,,,,,,,,,,,0.01332,,,,,,,,,
2005-01-31,,,,,,,,,0.023317,0.002414,,,,,,,,,,,0.011353,,,,,,,,,
2005-02-28,,,,,,,,,0.010776,0.072598,,,,,,,,,,,-0.00165,,,,,,,,,
2005-03-31,,,,,,,,,0.00357,-0.044717,,,,,,,,,,,0.00213,,,,,,,,,
2005-04-29,,,,,,,,,-0.074734,-0.057959,,,,,,,,,,,0.013576,,,,,,,,,
2005-05-31,,,,,,,,,0.010399,0.027927,,,,,,,,,,,0.016809,,,,,,,,,
2005-06-30,,,,,,,,,0.004496,0.032197,,,,,,,,,,,0.012515,,,,,,,,,
2005-07-29,,,,,,,,,6.2e-05,0.045475,,,,,,,,,,,-0.003533,,,,,,,,,
2005-08-31,,,,,,,,,-0.008043,0.016295,,,,,,,,,,,0.012372,,,,,,,,,
2005-09-30,,,,,,,,,-0.020924,0.018906,,,,,,,,,,,-0.009884,,,,,,,,,
2005-10-31,,,,,,,,,-0.034079,-0.046527,,,,,,,,,,,-0.009928,,,,,,,,,
2005-11-30,,,,,,,,,-0.016199,0.051228,,,,,,,,,,,0.009763,,,,,,,,,
2005-12-30,,,,,,,,,-0.049169,0.054177,,,,,,,,,,,0.008876,,,,,,,,,
2006-01-31,,,,,,,,,0.033564,0.058738,,,,,,,,,,,-0.008862,,,,,,,,,
2006-02-28,,,,,,,,,0.002731,-0.032569,,,,,,,,,,,0.005548,,,,,,,,,
2006-03-31,,,,,,,,,0.025505,0.05267,,,,,,,,,,,-0.003463,,,,,,,,,
2006-04-28,,,,,,,,,0.006192,-0.004147,,,,,,,,,,,-0.013787,,,,,,,,,
2006-05-31,,,,,,,,,-0.006033,-0.03411,,,,,,,,,,,0.002467,,,,,,,,,
2006-06-30,,,,,,,,,-0.045703,-0.054623,,,,,,,,,,,-0.004524,,,,,,,,,
2006-07-31,,,,,,,,,0.009706,0.014507,,,,,,,,,,,0.02405,,,,,,,,,
2006-08-31,,,,,,,,,0.016848,-0.019197,,,,,,,,,,,0.017708,,,,,,,,,
2006-09-29,,,,,,,,,-0.003517,-0.03195,,,,,,,,,,,0.01208,,,,,,,,,
2006-10-31,,,,,,,,,0.011728,0.06431,,,,,,,,,,,0.004921,,,,,,,,,
2006-11-30,,,,,,,,,0.002144,0.037218,,,,,,,,,,,0.012561,,,,,,,,,
2006-12-29,,,,,,,,,0.030921,0.038003,,,,,,,,,,,-0.007277,,,,,,,,,
2007-01-31,,,,,,,,,0.033414,0.024404,,,,,,,,,,,-0.000818,,,,,,,,,
2007-02-28,,,,,,,,,0.006985,0.01376,,,,,,,,,,,0.013476,,,,,,,,,
2007-03-30,,,,,,,,,-0.013623,0.012522,,,,,,,,,,,-0.003892,,,,,,,,,
2007-04-30,,,,,,,,,0.046188,0.036383,,,,,,,,,,,-0.001113,,,,,,,,,
2007-05-31,,,,,,,,,0.035173,0.028318,,,,,,,,,,,-0.01628,,,,,,,,,
2007-06-29,,,,,,,,,-0.021649,0.015785,,,,,,,,,,,-0.003977,,,,,,,,,
2007-07-31,,,,,,,,,-0.046011,0.00183,,,,,,,,,,,0.001876,,,,,,,,,
2007-08-31,,,,,,,,,-0.039859,-0.027096,,,,,,,,,,,0.008186,,,,,,,,,
2007-09-28,,,,,,,,,0.000242,0.025335,,,,,,,,,,,0.002725,,,,,,,,,
2007-10-31,,,,,,,,,0.009623,0.062027,,,,,,,,,,,0.003635,,,,,,,,,
2007-11-30,,,,,,,,,-0.007116,-0.086029,,,,,,,,,,,0.016257,,,,,,,,,
2007-12-31,,,,,,,,,-0.002748,0.020907,,,,,,,,,,,0.005663,,,,,,,,,
2008-01-31,,,,,,,,,-0.005899,-0.100999,,,,,,,,,,,0.009296,,,,,,,,,
2008-02-29,,,,,,,,,0.005788,0.015464,,,,,,,,,,,0.010997,,,,,,,,,
2008-03-31,,,,,,,,,-0.033912,-0.012578,,,,,,,,,,,0.008071,,,,,,,,,
2008-04-30,,,,,,,,,0.010771,0.040603,,,,,,,,,,,-0.00374,,,,,,,,,
2008-05-30,,,,,,,,,0.03557,0.020003,,,,,,,,,,,-0.002831,,,,,,,,,
2008-06-30,,,,,,,,,-0.073575,-0.028028,,,,,,,,,,,0.001077,,,,,,,,,
2008-07-31,,,,,,,,,-0.057159,-0.067665,,,,,,,,,,,0.008613,,,,,,,,,
2008-08-29,,,,,,,,,0.073112,0.029437,,,,,,,,,,,0.007525,,,,,,,,,
2008-09-30,,,,,,,,0.0,-0.074146,-0.18728,,,,,,,,,,,-0.021491,,,,,,,,,
2008-10-31,,,,,,,,-0.009,-0.151881,-0.192458,,,,,,,,,,,0.002631,,,,,,,,,
2008-11-28,,,,,,,,-0.057067,0.001049,-0.097445,,,,,,,,,,,0.02339,,,,,,,,,
2008-12-31,,,,,,,,0.004553,-0.000405,0.060783,,,,,,,,,,,0.025016,,,,,,,,,
2009-01-30,,,,,,,,-0.001171,0.017327,-0.037277,,,,,,,,,,,-0.00819,,,,,,,,,
2009-02-27,,,,,,,,-0.020071,0.023283,-0.088827,,,,,,,,,,,0.005154,,,,,,,,,
2009-03-31,,,,,,,,0.09476,0.04008,-0.002662,,,,,,,,,,,0.01671,,,,,,,,,
2009-04-30,,,,,,,,0.106815,0.024835,0.051566,,,,,,,,,,,-0.000357,,,,,,,,,
2009-05-29,,,,,,,,0.099753,0.05845,0.074607,,,,,,,,,,,-8.8e-05,,,,,,,,,
2009-06-30,,,,,,,,0.030861,0.077984,-0.02131,,,,,,,,,,,0.019075,,,,,,,,,
2009-07-31,,,,,,,,0.094059,0.062807,0.019305,,,,,,,,,,,0.005667,,,,,,,,,
2009-08-31,,,,,,,,0.012085,0.042008,0.023149,,,,,,,,,,,0.015628,,,,,,,,,0.0
2009-09-30,,,,,,,,0.033596,0.097444,0.094166,,,,,,,,,,,0.009624,,,,,,,,,-0.017462
2009-10-30,,,,,,,,0.03615,0.046652,0.000665,,,,,,,,,,,-0.00111,,,,,,,,,0.026087
2009-11-30,,,,,,,,0.120077,0.099296,0.053999,,,,,,,,,,,0.012815,,,,,,,,,0.034875
2009-12-31,,,,,,,,0.053646,0.09695,0.043579,,,,,,,,,,,-0.015046,,,,,,,,,0.063329
2010-01-29,,,,,,,,0.031964,0.028159,-0.019764,,,,,,,,,,,0.020565,,,,,,,,,0.006913
2010-02-26,,,,,,,,0.029431,0.036615,0.056232,,,,,,,,,,,0.000849,,,,,,,,,0.012187
2010-03-31,,,,,,,,0.022255,0.126265,0.026946,,,,,,,,,,,-0.009886,,,,,,,,,0.022487
2010-04-30,,,,,,,,0.020414,0.051113,0.015408,,,,,,,,,,,0.001102,,,,,,,,,0.014249
2010-05-28,,,,,,,,-0.080376,-0.031798,-0.081726,,,,,,,,,,,0.015636,,,,,,,,,0.012801
2010-06-30,,,,,,,,-0.010047,9.4e-05,-0.041481,,,,,,,,,,,0.017244,,,,,,,,,-0.012348
2010-07-30,,,,,,,,0.03042,0.035108,0.025498,,,,,,,,,,,0.003033,,,,,,,,,0.065951
2010-08-31,,,,,,,,-0.00937,-0.010678,-0.007775,,,,,,,,,,,0.021646,,,,,,,,,0.014434
2010-09-30,,,,,,,,0.031937,0.077711,0.083993,,,,,,,,,,,0.005975,,,,,,,,,0.060738
2010-10-29,,,,,,,,0.045377,0.047704,0.074281,,,,,,,,,,,0.000427,,,,,,,,,0.108593
2010-11-30,,,,,,,,0.042282,0.040464,0.064906,,,,,,,,,,,-0.008548,,,,,,,,,0.056007
2010-12-31,,,,,,,,0.06178,0.082574,0.052026,,,,,,,,,,,-0.000287,,,,,,,,,0.043187
2011-01-31,,,,,,,,0.02246,0.029588,0.008631,,,,,,,,,,,-0.004816,,,,,,,,,0.038678
2011-02-28,,,,,,,,0.022321,0.052605,0.031768,,,,,,,,,,,0.003116,,,,,,,,,0.010339
2011-03-31,,,,,,,,0.022323,0.021444,0.008922,,,,,,,,,,,-0.000515,,,,,,,,,-0.008319
2011-04-29,,,,,,,,0.03835,0.007356,0.001553,,,,,,,,,,,0.007726,,,,,,,,,0.010209
2011-05-31,,,,,,,,0.007005,0.025377,-0.014373,,,,,,,,,,,0.016653,,,,,,,,,0.017201
2011-06-30,,,,,,,,-0.03325,0.004713,-0.061481,,,,,,,,,,,-0.000848,,,,,,,,,-0.005691
2011-07-29,,,,,,,,0.025989,-0.008067,0.026095,,,,,,,,,,,0.020634,,,,,,,,,-0.002435
2011-08-31,,,,,,,,-0.060325,-0.086258,-0.053175,,,,,,,,,,,0.013267,,,,,,,,,-0.059546
2011-09-30,,,,,,,,-0.055599,-0.035951,-0.123263,,,,,,,,,,,0.01493,,,,,,,,,0.000359
2011-10-31,,,,,,,,0.03622,0.009079,0.088682,,,,,,,,,,,-0.002919,,,,,,,,,0.004064
2011-11-30,,,,,,,,0.015423,-0.006495,0.003972,,,,,,,,,,,0.004295,,,,,,,,,0.03977
2011-12-30,,,,,,,,0.017595,0.009756,-0.02513,,,,,,,,,,,0.014353,,,,,,,,,0.07211
2012-01-31,,,,,,,,0.062248,0.013523,0.075675,,,,,,,,,,,0.006531,,,,,,,,,0.003088
2012-02-29,,,,,,,,0.023394,0.026396,0.054538,,,,,,,,,,,-0.001267,,,,,,,,,0.001286
2012-03-30,,,,,,,,-0.035133,0.027656,-0.021615,,,,,,,,,,,-0.000539,,,,,,,,,0.031389
2012-04-30,,,,,,,,-0.017263,0.003845,-0.024218,,,,,,,,,,,-0.00052,,,,,,0.0,,,0.008272
2012-05-31,,,,,,,,-0.029795,-0.014753,-0.067685,,,,,,,,,,,0.015967,,,,,,-0.008898,,,0.014819
2012-06-29,,,,,,,,0.01304,0.006933,-0.019428,,,,,,,,,,,0.001023,,,,,,0.025176,,,-0.001349
2012-07-31,,,,,,,,0.001537,0.006998,0.026934,,,,,,,,,,,0.006961,,,,,,-0.040219,,,0.058498
2012-08-31,,,,,,,,0.016903,0.022799,0.025844,,,,,,,,,,,0.002397,,,,,,0.031911,,,0.017805
2012-09-28,,,,,,,,0.034237,0.008119,0.026014,,,,,,,,,,,0.008167,,,,,,0.003696,,,-0.007112
2012-10-31,,,,,,,,0.013978,0.014764,-0.001431,,,,,,,,,,,-3.4e-05,,,,0.0,,0.028852,,,0.015096
2012-11-30,,,,,,,,-0.015877,0.026149,-0.021274,,,,,,,,,,,0.005776,,,,0.004542,,0.008608,,,-0.008031
2012-12-31,,,,,,,,0.025597,0.109761,0.012324,,,,,,,,,,,-0.000621,,,,0.015247,,0.023133,,,0.031885
2013-01-31,,,,,,,,0.050623,0.054881,0.051761,,,,,,,,,,,-0.004873,,,,0.015067,,0.088111,,,0.017637
2013-02-28,,,,,,,,0.020747,0.026293,-0.022441,,,,,,,,,,,0.009898,,,,0.036568,,0.012265,,,0.021676
2013-03-28,,,,,,,,0.01064,0.053857,0.036677,,,,,,,,,,,0.004179,,,,0.039084,,0.024274,,,-0.035854
2013-04-30,0.001329,,0.0,,0.0,,,0.039823,0.009077,-0.034636,,,,,,,,,,,0.010295,,,,0.021603,,0.008133,,,0.006465
2013-05-31,0.005534,,0.0,,0.000408,,,-0.003257,0.064432,-0.002553,,,,,,,,,,,-0.014063,,,,0.066024,,0.021732,,,-0.022551
2013-06-28,-0.00949,,0.0,,-0.007881,,,0.01188,-0.001176,-0.017882,,,,,,,,,,,-0.018531,,,,-0.029627,,0.015603,,,-0.015543
2013-07-31,0.008083,,0.0,,0.003358,,,0.055958,0.027027,0.049548,,,,,,,,,,,-2.9e-05,,,,0.068768,,0.056988,,,0.005164
2013-08-30,0.002899,,0.0,,-6.5e-05,,,0.034207,0.000995,0.017701,,,,,0.0,,,,,,-0.003828,,,,-0.017271,,0.014429,,,-0.06865
2013-09-30,0.002329,,0.0,,0.0016,,,0.013567,0.027609,0.046658,,,,,0.0,,,,,,0.005127,,,,0.022307,,0.054571,,,0.03724
2013-10-31,0.005215,,0.0,,0.004268,,,0.055351,0.01384,0.060547,,,,,0.0,,,,,,0.012341,,,,0.020907,,0.058688,,,0.014231
2013-11-29,0.006289,,0.0,,0.003647,,,0.103577,0.013338,0.033414,,,,,0.0,0.0,,,,,-0.001742,,,,0.034745,,0.061774,,,0.054251
2013-12-31,0.000776,,0.0,,0.001834,,,0.034755,0.026317,0.024356,,,,,0.0,0.026189,,,,,-0.005438,,,,0.025618,,0.021773,,,0.028545
2014-01-31,0.008122,,0.0,,0.004149,,,0.012471,-0.00478,-0.011893,,,,,0.0,0.036747,,,,,0.028328,,,,-0.036148,,0.007762,,,-0.011625
2014-02-28,0.008355,,0.00907,,0.001128,,,0.038672,0.01467,0.048173,,,,,0.0,0.021023,,,,,0.00493,,,,0.112914,,0.038596,,,0.017054
2014-03-31,0.004389,,0.010653,,0.001537,,,-0.01365,0.008636,0.015771,,,,,0.0,-0.028817,,,,,-0.001951,,,,0.038884,,-0.006321,,,-0.014376
2014-04-30,0.000619,,0.015307,0.016132,0.001495,,,0.037076,0.004001,0.040652,,,,,0.0,-0.045568,,,,,0.005609,,,,-0.007639,,0.003305,,,0.000209
2014-05-30,0.001163,,0.031311,0.011506,0.002941,,,0.017272,0.016261,0.002188,,,,,0.0,-0.060618,,,,,0.013142,,,,0.011171,,0.046607,,,0.044815
2014-06-30,0.003582,,0.026867,-0.016698,0.001506,,,0.035422,0.0285,0.03613,,,,,0.0,0.017345,,,0.0,,0.002549,,,,0.018658,,0.012352,,,0.017996
2014-07-31,0.001111,,0.011728,0.023395,-0.000269,,,-0.002009,-0.001365,-0.032702,,,,,0.00049,0.02164,,,-0.00696,,0.005869,,,,0.015619,,0.021139,,,-0.0002
2014-08-29,-0.011732,,0.02623,0.006343,0.00101,,,0.029263,0.028306,0.025262,,,,,0.04013,9.8e-05,,,0.033151,,0.012061,,,,0.01384,,0.00104,,,0.00967
2014-09-30,-0.000781,,-0.011735,0.005746,-0.000278,,,0.005593,-0.02962,-0.08515,,,,,0.015092,-0.013861,,,-0.001949,,-0.005808,,,,-0.019525,,-0.025217,,,-0.001359
2014-10-31,-0.006237,,-0.004035,0.042544,0.001185,,,0.012761,-0.008031,-0.060568,,,,,0.004368,-0.006098,,,-0.009414,,0.005644,,,,0.051713,,0.026103,,,0.010799
2014-11-28,0.001703,,0.030814,0.011373,0.002487,,0.00183,0.022606,-0.00658,-0.00644,,,,,0.015461,-0.018819,,,0.045903,,0.013914,,,,-0.015957,,0.037272,,,0.004667
2014-12-31,-0.008742,,-0.012895,0.008684,0.000534,,0.011037,0.012098,-0.00784,-0.000104,,,,,-0.001938,0.027348,,,0.020691,,0.00639,,,,-0.013005,,-0.002931,,,-0.001726
2015-01-30,-0.00592,,0.047485,0.078896,0.010695,,-0.003229,0.02357,-0.010966,-0.013514,,,,,0.032873,0.003949,,,0.073985,,0.039776,,,,-0.138003,,-0.039051,,,-0.00928
2015-02-27,0.005951,,0.013553,0.004548,0.00026,,0.016496,0.062306,0.002303,0.045079,,,,,0.004892,0.243418,,,0.022196,,0.000504,,,,0.190675,,0.057975,,,0.044364
2015-03-31,0.003801,,-0.00241,0.029069,0.000108,,-0.011696,0.034597,0.007743,-0.011143,,,,,0.010439,0.240846,,,-0.002725,,-0.000977,,,,-0.031478,,0.018555,,,-0.010773
2015-04-30,0.004334,,-0.020073,-0.000885,-0.000805,,0.022948,0.001677,0.001361,0.018122,,,,,0.006791,0.016154,,,-0.037318,,-0.013685,,,,0.063516,,0.01235,,,-0.001781
2015-05-29,0.00235,,0.025706,0.013937,0.000793,,-0.006768,0.004705,-0.001147,0.024943,,,,,0.012391,0.000104,,,0.044935,,0.003769,,,,-0.00453,,-0.006918,,,0.003231
2015-06-30,-0.005986,,-0.001168,-0.003294,-0.000213,,-0.002126,0.002552,-0.007733,-0.022753,,,,,0.006101,0.021205,,,-0.008165,,-0.006572,,,0.0,-0.019698,,-0.009601,,,-0.014176
2015-07-31,-0.006378,,0.028951,0.008548,-0.000449,,-0.017956,0.019122,-0.015107,-0.00717,,,,,0.00232,-0.046842,,,0.033508,,0.012183,,,0.003908,0.027445,,-0.033123,,,-0.013258
2015-08-31,-0.014108,,-0.036808,-0.021124,-0.001627,,-0.007835,-0.041675,-0.021485,-0.051955,,,,,-0.01822,-0.047168,,,-0.066571,,-0.009217,,0.0,-0.009709,-0.033725,,-0.082694,,,0.014633
2015-09-30,-0.006519,,0.004139,0.043817,-0.003011,,-0.0179,-0.070339,-0.018433,-0.024389,,,,,-0.021959,-0.029786,,,-0.024314,,-0.003437,,-0.013005,-0.004834,-0.004926,,0.006778,,,-0.006362
2015-10-30,0.007199,,-0.001654,-0.008516,-0.002062,,0.009687,-0.057324,0.009961,0.030744,,,,,0.005654,0.024352,,,0.007301,,-0.001832,,-0.021757,-0.003627,0.074135,,0.044066,,,0.023105
2015-11-30,0.008676,,0.021806,0.027845,0.000782,,0.001913,0.058264,-0.004263,0.021911,,,,,-0.00492,0.000233,,,0.031251,,0.001318,,0.022005,0.007304,0.009805,,0.061296,,,0.012602
2015-12-31,-0.017854,,-0.002907,0.026288,0.000929,,-0.006471,0.012189,-0.016558,-0.009947,,,,,-0.014346,0.012737,,,0.00156,,0.009316,,-0.007584,-0.001544,-0.018538,,-0.033933,,,0.00885
2016-01-29,-0.021277,,-0.008166,0.005003,-0.001734,,-0.028643,-0.087678,-0.039529,-0.054705,0.02548,,,,-0.011925,-0.020163,,,-0.052865,,-1.1e-05,,-0.022101,-0.022738,-0.018359,,-0.016357,,,-0.029508
2016-02-29,0.001486,,0.004761,-0.004918,-0.000551,,-0.0224,0.006796,0.004256,0.047344,0.018079,,,,-0.006625,-0.00972,,,-0.041957,,0.001937,,0.001257,-0.019874,-0.057485,,0.016907,,,-0.012737
2016-03-31,0.047629,,0.015298,0.005167,0.002748,,0.037237,-0.012929,0.005184,0.061831,0.036216,0.008496,,,0.011928,0.059572,,,0.005938,0.0136,0.01194,,0.030916,0.031993,0.142884,,0.061731,,,0.035035
2016-04-29,0.035949,,0.001322,-0.023703,0.002878,,0.022058,0.014852,0.022234,0.09769,0.002376,-0.01722,,,0.020909,-0.049886,,,-0.004793,-0.023895,0.002052,,0.004321,0.012076,0.047192,,0.046462,,,0.008304
2016-05-31,0.003106,,0.023594,0.029883,0.001807,,0.018272,0.025595,0.011519,0.016511,0.012938,0.014236,,,0.041011,0.008206,,,0.023087,0.012291,0.008766,,0.019564,0.020697,0.00075,,-0.007426,,,0.03141
2016-06-30,1.1e-05,,0.006972,2.6e-05,0.000328,,-0.006747,-0.041596,0.002759,0.027973,0.058483,-0.003044,,,0.00137,0.002215,,,-0.006517,0.003095,0.017752,,0.002673,0.005629,0.044392,,-0.039526,,,0.015969
2016-07-29,0.009493,,0.029646,0.03145,0.000751,,0.024459,0.019519,0.008864,0.047868,0.023867,0.034175,,,0.020782,0.005777,,,0.047778,0.012213,0.008907,,0.027776,0.016043,0.023325,,0.018981,,,0.008458
2016-08-31,0.015379,,0.021913,0.001115,0.001063,,0.021219,-0.004698,0.007455,-0.026135,-0.011735,0.001717,,,0.009921,0.001169,,,-0.007774,0.001829,0.002772,,-0.00121,0.010135,0.035053,,0.058829,,,0.014246
2016-09-30,0.006959,,0.011174,0.002214,0.000678,,0.016212,0.025012,0.001741,0.02617,-0.001445,-0.001474,,,0.011108,0.033536,,,0.014201,0.008775,0.003273,,0.027254,0.00516,-0.004453,,0.008285,,,0.000408
2016-10-31,0.014582,,-0.01093,0.013934,0.001418,,0.014981,0.020151,0.004612,-0.026403,-0.036544,-0.000859,,,0.005292,0.07981,,,-0.017141,-0.002832,-0.009484,,-0.029666,0.010784,0.039095,,0.005888,,,-0.021181
2016-11-30,0.00852,,0.029586,-0.033346,-0.000111,,0.029521,0.027235,0.010786,0.01233,-0.02564,0.066586,,,0.006723,0.011161,,,0.012414,-0.000693,-0.017417,,0.014996,0.006907,0.074191,,0.056625,,,0.003536
2016-12-30,0.012224,,0.018956,-0.012279,-0.000192,,0.007223,-0.002425,0.014529,-0.004066,0.00759,-0.013768,,,0.004732,0.003059,,,-0.004232,0.001783,-0.004687,,0.013478,0.010948,0.039605,,0.028043,,,0.00374
2017-01-31,0.015463,,-0.002647,-0.000311,0.000567,,0.001683,0.023554,0.007402,0.004481,0.007173,0.006631,,,0.002175,-0.069446,,,0.020913,0.002315,-0.000655,,0.010662,-0.002465,0.00449,,0.004994,0.0,,0.027466
2017-02-28,0.012864,,0.022655,0.012776,0.001235,,-0.008292,0.017068,0.019304,0.015625,0.03027,0.040436,,,0.02087,0.002131,,,0.015419,0.009972,0.010866,,0.04123,0.015194,0.021865,,0.000314,-0.016066,,0.035053
2017-03-31,0.006693,,-0.00086,0.002495,0.001214,,0.004037,0.041571,0.006756,0.004266,0.004516,0.00931,,,0.007516,-0.041084,,,0.004879,0.004387,0.003263,,0.001949,0.003041,0.033858,,0.013273,0.007705,,-0.012241
2017-04-28,0.009771,,0.013267,0.007047,0.000485,,-0.007646,-0.001903,0.004422,-0.000298,0.021916,0.018336,,,0.010189,0.012654,,,0.021294,0.002687,0.015735,,-0.01174,0.006694,0.000313,,-0.079154,-0.102031,,0.000645
2017-05-31,-0.004882,,0.014229,-0.014474,0.000101,,-0.011115,0.001808,-0.008315,-0.009521,0.010872,-0.009751,,,-0.007621,-0.013209,,,0.014529,0.001491,0.00894,,0.010015,0.001205,0.008807,,-0.023441,-0.011643,,0.024941
2017-06-30,0.007442,,-0.019308,-0.013973,0.000414,,-0.021409,-0.036229,-0.012799,-0.006776,-0.024096,-0.005873,,,0.014976,-0.041207,,,-0.023746,0.006695,-0.013191,,-0.020716,-0.001741,0.018695,,0.032084,0.07376,,-0.004858
2017-07-31,0.008682,,-0.003639,-0.00324,0.000101,,0.013541,-0.028237,0.006904,0.000353,0.009522,-0.004596,,,0.00607,-0.020287,,,0.004836,-1.3e-05,-0.019481,,-0.001277,0.002413,-0.004582,,-0.004969,0.034333,,-0.010564
2017-08-31,0.001656,,0.024054,0.027007,0.000495,,-0.019548,-0.007518,0.012501,0.015943,0.024213,-0.003435,,,-0.00984,-0.061287,,,0.013937,0.007249,0.014486,,0.013053,-0.001237,0.016325,0.0,-0.01452,-0.01847,,-0.011874
2017-09-29,0.010343,,-0.001491,-0.00857,0.000273,,0.037711,0.021636,0.001534,0.013082,-0.011056,0.013804,,,0.016096,-0.036761,,,0.012881,0.005445,-0.013769,,0.014619,0.00964,0.017786,0.00692,0.03051,0.035216,,0.002656
2017-10-31,0.012537,,0.035508,0.004701,-0.003472,,0.008354,0.029267,0.006288,0.020555,0.035817,0.044232,,,0.018911,-0.012184,,,0.055154,0.005454,0.018426,,0.018785,0.012996,0.052709,0.025047,0.022128,-0.010543,,-0.0004
2017-11-30,0.011639,,0.008253,0.017108,0.000537,,0.005237,0.023136,0.000359,0.012848,0.001234,0.015934,,,0.01698,-0.031509,,,0.010203,0.006038,0.007851,,0.019521,0.001778,0.019094,-0.006685,0.073799,0.074167,,0.041812
2017-12-29,-0.000343,,0.010801,0.005005,0.000243,,0.028256,0.022402,0.020859,0.007469,0.001646,0.003978,,,-0.003151,0.029199,,,-0.00798,0.001015,-0.004228,,0.031423,0.004319,-0.015754,-0.01387,0.001186,0.028635,,0.012579
2018-01-31,0.014599,,0.024531,0.010368,0.000405,,0.030085,-0.018297,0.005397,-0.00551,0.000522,0.033695,,,0.014596,0.236612,,,0.032346,0.003452,-0.00916,,0.019391,0.011529,0.003141,0.030968,0.009833,0.030569,,0.00928
2018-02-28,0.002261,,0.018847,0.011987,0.000314,,-0.022674,0.013127,-0.02693,-0.019087,-0.018081,0.012062,,,0.008202,-0.046907,,,-0.007581,0.004694,0.001455,,-0.013159,-0.001449,-0.090583,0.01493,-0.008807,-0.048677,,-0.033437
2018-03-29,-0.001953,,-0.045298,-0.007237,0.000566,,-0.000225,-0.009289,0.003282,-0.008129,0.01019,-0.024527,,,0.007995,-0.061985,,,-0.01335,0.005007,0.008523,,-0.010027,-0.00787,-0.011508,-0.003016,-0.018747,-0.025124,,0.047171
2018-04-30,0.008547,,-0.026066,-0.017686,0.000556,,0.004391,-0.014122,0.025392,0.032017,-0.005979,0.010559,,,0.013825,-0.02221,,,-0.006584,0.002522,-0.008492,,0.008355,0.007369,-0.00633,0.007618,0.025748,0.030443,,0.013337
2018-05-31,0.002347,,0.025888,0.005729,0.00096,,0.01712,0.056213,0.035821,0.030459,0.014723,0.016107,,,0.01459,-0.043906,,,0.028551,0.002306,0.009237,,0.027973,-0.000499,-0.015387,0.001809,0.011776,0.003111,,-0.000592
2018-06-29,0.004445,,-0.013827,0.002129,0.00106,,0.025657,0.017501,0.006813,0.002448,-0.010358,0.005308,,,0.002927,0.012501,,,0.006851,0.003782,0.004849,,0.001659,0.001353,0.035687,-0.054298,0.020456,0.00339,,0.016938
2018-07-31,0.00476,,0.009042,-0.017944,0.002117,,-0.004766,-0.005551,0.002699,-0.01607,-0.014066,0.034153,,,0.00779,-0.061014,,,-0.003376,0.003977,-0.00971,,0.012047,0.001754,0.070738,0.010496,-0.002296,0.021373,,0.003747
2018-08-31,0.00795,,0.024458,-0.02446,0.000624,,0.008413,0.02496,0.00492,-0.001909,0.001722,0.020658,,,0.005183,0.067649,,,0.037843,0.003549,0.009876,,0.014392,0.003759,0.007539,-0.00237,0.031234,0.028293,,-0.013992
2018-09-28,0.002805,,-0.002206,0.006942,1e-06,,-0.005964,-0.0064,0.001439,-0.016309,-0.015171,0.008235,,,0.001343,0.11085,,,-0.019464,0.001454,-0.010143,,0.060974,0.000543,0.009971,-0.001763,-0.004814,0.003696,,0.001553
2018-10-31,0.001225,,-0.054731,-0.059674,0.001157,,-0.068373,-0.067393,-0.02627,-0.088989,-0.042362,-0.050841,,,-0.023769,0.037461,,,-0.080354,-0.000153,-0.006572,,-0.009802,-0.005347,0.022007,-0.001459,-0.089803,-0.103378,,-0.028924
2018-11-30,-0.013252,,0.009414,-0.0416,-0.00453,,0.015513,0.020553,0.023628,-0.054338,0.025731,0.029224,,,-0.025282,-0.061667,,,0.000245,0.000594,0.010145,,-0.022823,-0.016865,0.061238,-0.042178,0.055858,0.0433,,0.010301
2018-12-31,-0.008981,,-0.038566,0.022523,0.003024,,-0.029344,-0.054469,-0.027865,-0.054911,-0.007821,-0.029265,,,0.011999,-0.059545,,,-0.044081,0.004114,0.015761,,-0.009262,-0.008774,-0.19638,0.007316,-0.103033,-0.125383,,-0.043068
2019-01-31,0.021928,,0.02604,0.019708,0.002137,,0.00886,0.092709,0.026682,0.073948,0.048282,0.041916,,,0.037995,-0.042133,,0.0,0.044067,0.010028,0.012808,,0.018019,0.014934,0.36123,-0.00416,0.110485,0.152664,,0.059366
2019-02-28,0.012152,,0.026045,0.010262,0.002681,,0.012202,0.045813,0.013632,0.04181,0.009807,0.028056,,,0.018399,-0.017293,,0.02738,0.031461,0.006774,0.003363,,0.021972,0.009874,-0.005588,0.004603,0.053665,0.051725,,0.019588
2019-03-29,0.004735,,0.012192,0.036592,0.000981,,0.011633,-0.015827,-0.005476,-0.009532,0.041266,0.001825,,,0.003165,0.011974,,0.021521,0.001256,0.005918,0.024797,,0.006659,0.006695,-0.082305,-0.018947,-0.010886,-0.025163,,0.019815
2019-04-30,0.016304,,0.004597,-0.018934,0.001935,,0.025539,0.058524,0.02807,0.016733,0.011427,0.048119,,,0.009701,0.028411,,0.003802,0.02249,0.004571,-0.000366,,0.014528,0.006959,0.156917,-0.034713,0.061207,0.056421,,0.001535
2019-05-31,0.006392,,-0.007392,0.029,0.001715,0.0,-0.01639,-0.040009,-0.050162,-0.034361,-0.008824,-0.014011,,,-0.005801,0.008346,,-0.03253,-0.035778,0.005524,0.01838,,0.005267,0.007464,-0.147428,-0.025813,-0.05004,-0.05728,,0.012709
2019-06-28,0.007111,,0.009058,0.021805,0.000742,0.012121,0.002393,0.01991,0.028365,0.030927,0.039578,0.022286,,,0.003907,-0.02891,,0.036832,0.022577,0.005269,0.009351,,-0.004651,0.002772,0.139945,-0.01819,0.029348,0.064018,,0.037445
2019-07-31,0.014625,,0.010317,0.017895,0.001978,-0.005983,0.010905,-1e-05,0.025787,0.035847,0.005876,0.032446,,,0.013158,0.024092,0.00189,0.012491,0.004845,0.003929,-0.000256,,-0.010393,0.004203,0.03975,-0.029694,0.030029,0.025336,,0.037758
2019-08-30,-0.008113,,0.003544,-0.004059,-0.001121,0.009496,-0.009243,-0.007315,-0.027404,-0.010034,0.024392,-0.007611,,,-0.023664,0.017283,-0.023785,-0.009795,0.002706,0.004521,0.021875,,-0.011381,0.003443,-0.018075,-0.018612,-0.055576,-0.06595,,0.018282
2019-09-30,0.00966,,-0.013251,-0.007547,0.00211,0.002528,0.008684,-0.003693,0.021313,-0.022298,-0.003503,0.016512,,,0.012347,0.047081,0.010725,0.01009,-0.018492,0.003938,-0.009792,,-0.0124,-0.000714,0.048706,0.020732,0.022525,0.026616,,0.004005
2019-10-31,0.005031,0.02396,0.009829,0.001326,-0.000257,-0.001174,-0.004682,-0.011456,-0.003446,0.005322,-0.001143,0.01123,,,-0.005805,-0.004238,0.015892,0.014465,0.014696,0.004588,-0.001585,,-0.004825,-0.000404,0.006901,0.019074,-0.007372,-0.001038,,0.022229
2019-11-30,0.008011,0.032736,0.018647,0.021469,0.001202,-0.002833,0.027671,0.047453,0.005183,0.031294,0.001747,0.039872,,,0.009081,0.067539,0.036753,0.023184,0.030856,0.00579,0.004169,,0.012285,0.002804,0.018454,-0.012397,0.070585,0.060151,,0.022037
2019-12-31,0.010275,0.000142,0.006385,0.019178,0.002196,0.016031,0.03047,-0.0011,0.029361,0.028497,-0.002398,-0.012041,,,0.011089,-0.054165,-0.004688,-0.0005,0.011968,0.011274,-0.012582,,0.022063,0.003346,-0.00646,-0.025326,-0.001887,0.021327,,-0.019813
2020-01-31,0.011834,-0.042482,0.023466,0.012086,0.001977,0.00628,-0.011118,0.009711,-0.009961,-0.002217,0.015526,0.041827,,,0.023561,-0.006112,-0.011251,0.00585,0.01692,0.005544,0.031807,,0.011218,0.005358,-0.008595,-0.009775,-0.01217,-0.030395,,0.02075
2020-02-28,0.002464,-0.060521,-0.043327,0.001287,0.001646,-0.010214,-0.057459,-0.032557,-0.04963,-0.074058,-0.012556,-0.009931,,,-0.007913,-0.105676,-0.059763,-0.070545,-0.040528,0.001954,0.006953,,-0.016904,0.004463,-0.071449,-0.006979,-0.061487,-0.075131,,-0.026974
2020-03-31,-0.185057,-0.091321,-0.079043,-0.016645,-0.020997,-0.151531,-0.108558,-0.244774,-0.192946,-0.253902,-0.054619,-0.097073,,,-0.117303,-0.02227,-0.138884,-0.106198,-0.075262,-0.025399,-0.030931,,-0.037895,-0.067413,-0.270359,0.012937,-0.298583,-0.336009,,-0.179758
2020-04-30,0.09496,0.089516,0.030928,0.083324,0.019188,0.051203,-0.007629,0.1189,0.051734,0.201404,0.033872,0.06116,,,0.05813,0.05923,0.091592,0.072643,0.062043,0.014889,0.045076,,0.044288,0.027782,0.189369,-0.008953,0.195705,0.219599,,0.070422
2020-05-29,0.021978,0.045611,0.030786,0.006206,0.004956,0.007727,0.098016,0.067391,-0.009917,0.075574,0.018566,0.025631,,,0.02481,-0.038776,0.0319,0.048412,0.044043,0.000205,0.005555,,0.023232,0.016239,0.053673,0.011982,0.061487,0.071041,,0.037081
2020-06-30,0.063041,-0.000861,0.00257,0.018484,0.011661,0.021478,0.017745,0.024869,0.036836,0.057818,0.019708,0.001412,,,0.048685,-0.007685,0.006319,0.03902,0.015922,0.01446,0.018802,,0.018859,0.043075,0.078953,-0.010243,0.003212,0.014993,,0.031569
2020-07-31,0.040689,0.015163,0.0384,0.039915,0.007028,0.037783,0.032036,0.025737,0.021748,0.088406,0.029501,0.008846,0.0,,0.01333,0.028232,0.026622,0.000207,0.045892,0.011345,0.017639,,0.045114,0.033656,0.049987,0.016547,0.081866,0.100018,,0.021978
2020-08-31,0.023733,0.014836,0.032361,-0.012066,0.003349,0.012882,0.085971,0.071772,0.042642,0.01383,0.000246,0.023072,0.01373,,0.030223,0.156936,0.026068,0.037488,0.020433,0.005891,-0.011813,,0.034378,0.023046,0.042826,-0.030994,0.076429,0.106395,,0.024316
2020-09-30,0.007959,-0.031731,-0.047216,0.042471,0.000481,0.023689,0.028927,0.007078,-0.06178,-0.014279,-0.002065,-0.011769,-0.01022,,0.003102,0.088788,-0.001158,0.00075,-0.01205,0.010584,0.002881,,-0.016537,0.000126,-0.058664,-0.020268,-0.03582,-0.057212,,0.003207
2020-10-31,0.012439,-0.021728,-0.012614,0.000476,0.001332,0.009541,-0.008591,-0.001734,0.014752,-0.008485,-0.022782,-0.004877,-0.017162,,0.000257,0.02075,-0.025407,-0.023818,-0.003734,1.1e-05,-0.005604,,0.006408,0.002804,-0.034078,-0.003078,0.010848,0.012505,,-0.021937
2020-11-30,0.023945,0.137827,0.058537,-0.052968,0.004722,0.012267,0.096042,0.088595,0.237803,0.064675,0.058437,0.078338,0.086924,,0.04513,0.027125,0.0912,0.095204,0.069582,0.01049,0.010336,,0.048114,0.029351,0.338981,-0.028265,0.17301,0.204845,,0.007431
2020-12-31,0.017601,-0.003478,0.032617,0.047868,0.00459,0.013519,0.069835,0.126177,0.081202,0.059606,0.022731,0.01733,0.022113,,0.021702,0.030928,0.026495,0.045529,0.033879,0.021269,0.005021,,0.086661,0.02293,0.059818,-0.017075,0.010791,0.029356,,0.065503
2021-01-31,0.011909,0.008123,0.016901,-0.03588,0.000922,0.016832,0.024095,-0.009968,0.070708,0.009892,-0.007317,0.000784,-0.002799,,0.010944,-0.006374,0.005303,0.005159,0.008585,0.010801,-0.009127,,0.026971,0.00681,0.081856,0.001505,0.011111,0.007354,,0.005826
2021-02-28,0.003683,0.042141,0.019387,-0.007694,-0.003733,-0.027093,0.009982,0.092889,0.13996,0.069334,-0.047975,0.027481,0.030476,,0.027558,0.045761,0.020582,0.031854,0.023894,0.015254,-0.030713,,0.026447,0.005522,0.093768,-0.016299,0.06695,0.075009,,0.000562
2021-03-31,0.000574,0.045775,0.02738,0.031324,0.00016,0.001952,0.026522,-0.0468,0.0857,0.016421,-0.003388,0.04109,0.047801,,0.013392,-0.026231,0.027834,0.011406,0.002045,-0.002556,-0.008312,-0.00234,-0.014447,0.003787,0.05969,0.043267,0.036692,0.045828,,0.051575
2021-04-30,0.005734,0.018642,0.032531,0.062864,0.001497,0.016504,0.021273,0.028357,0.112842,0.039984,0.026107,0.041154,0.046682,,0.009721,0.026031,0.0157,0.022952,0.026223,0.0,-0.001059,0.002592,0.000567,0.006967,0.027339,0.018051,0.026587,0.05088,,0.018784
2021-05-31,0.00481,0.021205,0.029025,-0.040367,4e-05,0.007733,0.045021,-0.005409,0.045682,0.019349,0.011596,0.010446,0.011734,,0.013291,0.000833,-0.00172,-0.007789,-0.006606,0.0,0.006428,0.003259,0.004653,0.009603,0.005864,0.022414,0.009273,0.027136,,0.014003
2021-06-30,0.002785,0.000371,0.010475,0.015046,-0.000458,0.002264,0.031718,0.017769,0.040688,0.017106,0.029708,0.043845,0.049144,,0.007701,-0.001744,0.024095,0.016393,0.023787,0.007348,0.009711,0.005116,0.000262,0.003728,0.002386,0.000731,0.025435,-0.00114,,0.001336
2021-07-31,0.003901,-0.004277,0.002229,0.03763,0.000558,-0.004841,0.009,-0.008305,-0.089087,-0.02025,0.028345,0.05087,0.058945,,-0.004581,-0.034112,0.00491,0.007249,0.01228,-0.077402,0.009493,0.011808,-0.020672,0.004393,-0.029846,-0.000441,0.00968,0.00422,,0.019641
2021-08-31,0.001889,0.033045,0.030967,0.033902,0.000369,0.000488,-0.003754,0.063363,0.009548,0.015762,0.00897,0.033137,0.038336,,0.002535,0.036247,0.014421,0.034631,0.021229,0.003815,-0.000825,-0.001337,0.011496,0.003792,0.02871,-0.000248,0.031567,0.01895,,0.039285
2021-09-30,0.003127,-0.031558,-0.029929,0.002007,-0.000269,0.008946,-0.01634,-0.029876,0.066336,-0.011234,-0.047182,-0.030882,-0.041552,,0.002216,-0.003641,-0.025819,-0.027582,-0.038808,0.004619,-0.012267,-0.009766,-0.01779,0.003722,-0.008367,-0.00418,-0.039566,-0.045092,,-0.005654
2021-10-31,-0.001261,-0.008935,0.044658,-0.022563,-0.003456,0.006957,0.002503,0.01687,0.010711,0.036625,0.005687,0.042967,0.052668,,-0.000278,-0.02457,0.036616,0.026367,0.021432,1e-06,-0.009583,-0.006183,0.016766,0.006717,-0.065104,-0.004142,0.011739,0.036891,,0.043116
2021-11-30,0.000568,-0.043249,-0.013329,0.032522,-0.001119,0.007409,-0.011229,-0.057136,0.016773,-0.034793,0.001919,0.004753,0.00388,,-0.006802,-0.029955,-0.007991,-0.007693,-0.02208,0.002363,0.007267,0.003799,-0.007477,-0.000525,-0.030411,0.045212,0.026667,-0.006019,0.0,-0.017129
2021-12-31,-0.000897,0.00666,0.032216,0.029554,0.000201,-0.010857,-0.005806,-0.013048,0.108473,0.039483,0.019665,0.017409,0.01794,,0.009059,0.030552,0.02359,0.038421,0.018656,0.016725,0.016266,-0.001456,0.000547,0.004683,0.01947,0.012285,0.03092,0.040224,0.037911,0.052715
2022-01-31,-0.000432,0.006243,-0.034804,-0.027995,-0.006052,0.003646,-0.080037,-0.130698,-0.016698,0.000529,-0.049223,-0.076738,-0.09194,,-0.003086,-0.039396,-0.037196,-0.058945,-0.05562,4.6e-05,-0.034112,-0.014067,-0.049713,-0.015944,0.110019,0.018473,-0.054596,-0.05758,-0.064569,-0.037202
2022-02-28,-0.008079,-0.028345,0.020655,-0.006054,-0.004612,0.00354,-0.002383,-0.087372,-0.060115,0.024454,-0.013869,-0.014158,-0.015847,,0.004871,0.002893,-0.015641,-0.004498,-0.012373,0.002466,-0.008372,-0.010874,-0.009763,-0.017913,-0.052502,-0.006532,-0.024445,-0.022759,-0.033203,-0.015679
2022-03-31,0.007411,-0.027491,0.036024,-0.03999,-0.009792,0.015586,0.014783,-0.007142,-0.074042,0.038747,-0.016513,0.043813,0.052889,,-0.00307,0.013879,0.020728,0.01349,0.012196,0.004208,-0.02966,-0.021956,0.013128,0.00243,-0.027215,0.017828,-0.028146,-0.012361,-0.014053,0.025807
2022-04-30,-0.01263,-0.030255,-0.02383,0.023208,-0.00538,-0.001051,-0.019121,-0.150941,-0.103695,-0.037423,-0.035061,-0.069576,-0.088934,,-0.01157,-0.002686,-0.037792,-0.034324,-0.063362,0.00836,-0.036182,-0.02521,-0.018989,-0.015578,-0.121481,0.015397,-0.06358,-0.085182,-0.074999,-0.013689
2022-05-31,-0.004954,0.019045,0.011159,0.003945,-0.003651,-0.015766,-0.027211,-0.10917,-0.004762,0.010283,0.002539,-0.006733,-0.00689,,-0.001002,0.010759,-0.012439,-0.007966,-0.017918,-0.002588,-0.001295,-0.004211,-0.006134,-0.015395,0.10221,-0.000163,-0.013346,-0.00205,-0.00777,-0.05827
2022-06-30,0.001345,-0.078181,-0.075331,0.019757,-0.003547,-0.035327,-0.027487,-0.12857,-0.139052,-0.12418,-0.064867,-0.059803,-0.076555,,-0.034185,-0.051902,-0.058755,-0.061973,-0.089668,-8.6e-05,-0.022349,-0.020456,-0.026352,-0.01282,-0.141144,-0.015266,-0.089882,-0.106634,-0.102684,-0.087032
2022-07-31,0.008681,0.02668,0.026563,-0.005212,0.002157,0.015099,0.009946,0.033921,0.076853,0.080358,0.043223,0.016432,0.022289,,0.01735,0.026825,0.035937,0.070946,0.061523,0.011563,0.039534,0.026144,0.008816,0.004748,0.069265,0.02526,0.087601,0.092961,0.094277,0.05391
2022-08-31,0.01206,-0.0239,-0.018784,-0.000588,-0.003607,-0.00525,0.018399,0.014615,-0.012596,-0.026671,-0.046995,0.015669,0.020453,,0.001467,-0.02186,-0.015751,0.003892,-0.020541,-0.003867,-0.02721,-0.024416,-0.00705,0.011299,-0.065165,0.003799,-0.018364,-0.039786,-0.0564,-0.014677
2022-09-30,-0.005589,-0.05752,-0.024748,0.009306,-0.001195,-0.006316,-0.059151,-0.092176,-0.173459,-0.080187,-0.0639,-0.051605,-0.065338,,-0.034055,-0.046724,-0.04092,-0.049701,-0.06395,0.004554,-0.007179,-0.033732,-0.022355,-0.017775,-0.261918,0.021889,-0.09137,-0.134157,-0.142196,-0.049691
2022-10-31,0.001144,0.079512,0.047456,0.006093,-0.001894,0.029091,0.027875,-0.030139,0.049216,0.066655,0.032308,0.037859,0.044631,,0.013993,0.010205,0.052993,0.014011,0.040081,0.00284,-0.010616,-0.002252,0.005573,-0.010523,0.052384,0.008233,0.06828,0.077036,0.090719,0.002549
2022-11-30,0.024967,0.068049,0.010135,0.050865,0.005683,-0.003218,0.04417,-0.059834,0.154319,0.03457,0.018283,0.046946,0.062659,,-0.007903,0.003667,0.033952,0.109316,0.067911,0.004148,0.029625,0.030474,0.026716,0.014676,0.129288,0.016174,0.090761,0.102214,0.083789,0.071353
2022-12-31,0.015934,-0.021716,-0.038495,-0.003048,-0.000928,0.001979,0.01651,-0.05979,-0.047088,-0.021071,-0.030418,-0.009647,-0.01405,,-0.016627,-0.070021,-0.032185,-0.012827,-0.04084,0.005031,-0.016042,-0.007097,-0.024749,-0.001696,-0.055006,-0.002821,-0.033198,-0.035689,-0.03158,-0.026135
2023-01-31,0.032329,0.048629,0.000477,-0.044907,0.013059,0.013845,0.022682,0.16552,0.188661,0.056434,0.033039,0.058002,0.076084,,0.028274,-0.017663,0.033481,0.047506,0.092027,0.005984,0.032056,0.026607,0.031771,0.028651,0.197181,-0.021192,0.127888,0.144362,0.138387,0.060042
2023-02-28,0.016685,0.019655,-0.031472,0.00727,-0.003197,-0.015888,-0.007273,-0.018288,-0.024678,-0.011947,-0.023623,-0.020242,-0.025531,-0.008649,-0.008215,0.010348,-0.010425,-0.007422,-0.001751,0.002568,-0.019099,-0.012236,-0.017328,0.007506,-0.036726,0.014838,0.029083,0.009563,0.011767,0.002728
2023-03-31,-0.018775,-0.013344,0.00422,0.022684,0.003756,-0.008524,0.003447,-0.087117,-0.063266,-0.01454,0.010607,-0.006337,-0.009739,0.003302,-0.014112,-0.062245,0.000219,0.01071,0.011605,0.001735,0.019027,0.012277,-0.021108,-0.017028,-0.033919,0.013401,-0.051027,-0.045624,-0.053439,-0.01516
2023-04-30,0.0202,0.01975,0.008397,0.027819,0.00569,0.004381,0.000915,-0.05518,-0.032305,-0.006502,0.006814,0.033487,0.045285,0.025443,0.000856,0.001706,0.014519,0.01447,-0.008561,0.004565,0.011287,0.002929,0.017583,0.00897,0.059206,-0.032634,-0.006431,-0.009655,-0.011402,0.016403
2023-05-31,0.008873,-0.039908,-0.021809,-0.027119,-0.004431,-0.024763,-0.024291,0.123351,-0.056837,-0.040352,-0.026981,0.02217,0.02785,-0.006625,-0.006984,0.021561,-0.022853,-0.052971,0.008592,0.000198,-0.016412,-0.005264,-0.025313,-0.000316,-0.171892,0.014524,0.013476,0.011689,-0.001838,-0.008925
2023-06-30,0.008603,0.031517,0.011921,0.017725,0.001154,0.006669,0.016239,-0.04752,0.168948,0.022862,0.013549,0.021539,0.026355,-0.005059,0.009834,8.3e-05,0.026041,0.022297,0.03964,0.003241,0.001321,0.006478,0.012454,0.0048,0.0678,0.016037,0.078982,0.108663,0.104787,-0.004738
2023-07-31,0.012028,0.040132,-0.001162,8e-05,0.003411,0.003002,0.016538,0.067144,-0.028734,0.051178,0.022753,0.040067,0.050165,0.009067,0.012429,0.034824,0.017477,0.017261,0.034423,0.003557,-0.010132,-0.001922,0.043176,0.005134,0.047879,0.001267,0.039964,0.044994,0.035176,-0.002019
2023-08-31,0.006046,-0.001373,-0.002919,0.010455,0.00278,0.006737,-0.027396,-0.074788,-0.044612,-0.010653,-0.009896,0.001233,0.002244,0.004616,-0.00191,-0.021408,-0.000703,-0.006749,-0.031566,0.000689,-0.002056,-0.004126,-0.024159,0.004445,-0.100089,0.025366,-0.010205,-0.036016,-0.057961,-0.0069
2023-09-30,0.006897,-0.026622,-0.026741,0.054526,-0.001159,-0.002983,-0.01192,-0.09667,-0.089678,-0.045018,-0.022844,-0.036379,-0.04606,0.011971,0.000988,0.033461,-0.036956,-0.042262,-0.044679,0.00675,-0.02597,-0.021403,-0.029496,-0.006875,-0.049848,0.014047,-0.073517,-0.072705,-0.079999,-0.01363
2023-10-31,0.002084,-0.016438,-0.000394,0.034659,0.005838,-0.023078,-0.037653,-0.06015,-0.120822,-0.02366,-0.027009,-0.004236,-0.001863,-0.003843,-0.017208,-0.034612,-0.02175,-0.03467,-0.040121,-0.009679,0.002451,-0.009769,-0.035888,-0.003928,-0.063531,-0.00431,-0.075447,-0.098787,-0.101696,-0.026993
2023-11-30,0.025037,0.042019,0.031607,0.019857,0.015002,0.034169,0.058326,0.294959,0.106121,0.04434,0.035652,0.078734,0.099969,0.037063,0.022409,0.0144,0.063889,0.066105,0.073332,0.008013,0.043814,0.038082,0.032274,0.015272,0.214482,0.015238,0.118446,0.14234,0.161181,0.052465
2023-12-31,0.023343,0.040778,0.027755,-0.005313,0.015702,0.009812,0.041897,0.038333,0.088172,0.043258,0.029205,0.035091,0.023394,0.020924,0.02791,0.023296,0.03745,0.027038,0.048777,0.007234,0.037182,0.034555,0.019808,0.028964,0.167695,-0.025484,0.101788,0.131529,0.139673,0.061079
2024-01-31,0.020896,0.017619,0.014461,0.041089,-0.001307,0.015514,0.008099,0.09605,0.009553,0.016546,-0.003007,0.03593,0.042961,0.009656,0.013217,0.047156,0.016757,0.02771,0.005336,0.005928,-0.013388,0.000329,0.004513,0.00788,0.04322,0.052439,-0.005043,-0.017677,-0.028788,0.003683
2024-02-28,0.018278,0.038252,0.032806,0.010381,0.001676,0.039376,0.01772,0.076039,0.004347,0.023182,0.014473,0.008102,0.008896,0.017626,0.001774,0.066203,0.058926,0.044836,0.040578,0.007761,-0.002049,-0.004231,-0.01152,0.010395,-0.004389,0.038867,0.033845,0.020365,0.041496,-0.014517
2024-03-31,0.003977,0.025626,0.024362,-0.000787,0.004035,0.008546,0.042485,0.089409,0.059028,0.027568,0.037896,0.007483,0.009205,0.043986,0.013911,0.045704,0.033239,0.040684,0.038006,0.004783,0.005676,0.009713,0.073306,0.008723,0.114136,0.014488,0.037754,0.039347,0.036373,0.010088
2024-04-30,0.010277,-0.020093,-0.012936,0.010391,-0.001426,0.002585,-0.011303,-0.006535,0.0,-0.023664,-0.035903,-0.031901,-0.04079,0.019364,0.004077,-0.002707,-0.029228,-0.013049,-0.017638,0.005385,-0.019825,-0.017172,0.045563,-0.000182,-0.076515,0.014125,-0.062335,-0.075649,-0.080174,-0.045126
2024-05-31,,0.046746,0.035597,0.014813,0.004336,0.007354,0.020666,0.062019,-0.000885,0.028617,0.012484,0.029878,0.032764,0.005137,0.009687,-0.092009,0.034731,,0.019653,0.003414,0.018089,0.006903,-0.045836,0.010359,-0.003699,0.018311,-0.040404,-0.032646,-0.039189,0.022951
2024-06-30,,-0.122899,-0.004226,0.03502,0.005809,-0.030063,0.005751,-0.00718,-0.032198,-0.00559,0.014979,0.026774,0.032607,0.008309,0.003151,0.032919,0.019662,,-0.012923,0.006874,0.011614,0.011291,-0.046807,0.011537,-0.026921,0.00767,-0.006259,-0.009833,-0.01976,0.015652
2024-07-31,,0.063286,0.0161,-0.016235,0.011743,0.002708,,0.121902,0.06444,0.044376,0.020509,0.030228,0.035363,0.028094,0.011456,-0.008659,0.026962,,0.013574,0.001441,0.024017,0.018398,0.051356,0.01156,0.067539,-0.028627,0.114303,0.104546,0.127151,0.07501
2024-08-31,,-0.007997,0.012017,0.028213,0.003795,0.007331,0.040739,0.105036,-0.022375,0.005918,-0.007749,0.02957,0.034564,0.008411,0.009488,-0.029018,0.008146,,-0.014051,-0.00031,0.003504,0.010387,-0.027453,0.006608,-0.009442,0.013284,-0.032322,-0.009442,0.002419,0.017297
2024-09-30,,0.013493,0.003937,-0.01427,0.028262,0.00839,0.02519,0.007724,0.047658,0.008806,0.020839,0.022612,0.027076,0.0199,0.016935,0.000551,0.021677,,0.022305,0.008863,0.020097,0.006259,0.012378,0.012031,0.08066,-0.004675,0.013129,0.011024,0.009446,0.039019
2024-10-31,,0.018188,0.005385,0.033451,-0.003398,0.012293,0.009384,0.093624,-0.038024,0.019777,-0.046933,0.021867,0.021099,0.014703,0.004145,0.00566,0.005874,,-0.002541,-0.012995,-0.009028,-0.016321,0.04047,0.005037,0.016978,0.039146,-0.013316,-0.041319,-0.035191,-0.018848
2024-11-30,,0.034873,0.038085,0.0241,0.002555,0.00125,0.018397,0.096136,0.063706,0.037597,0.018944,0.04253,0.052352,0.013038,0.023235,0.002623,0.057219,,0.025149,0.005282,0.017368,0.013917,0.034753,0.005243,0.100557,-0.004982,0.043445,0.036501,0.040296,0.000228
2024-12-31,,-0.078552,-0.026235,0.010182,0.004848,0.01384,-0.009634,0.005903,-0.125259,-0.031009,-0.015948,-0.021064,-0.031987,0.002637,0.003421,0.00178,-0.012057,,-0.007901,0.013486,-0.006143,-0.009743,-0.011975,0.006308,-0.097834,0.013094,-0.05451,-0.079382,-0.075952,-0.053327
2025-01-31,,0.068489,0.01117,-0.002961,0.007273,,0.021946,0.01044,0.031641,0.003386,0.018009,0.040199,0.049968,-0.008923,0.009727,0.009595,0.04195,,0.042941,0.000885,0.01247,0.004565,-0.02084,0.008243,0.099351,0.012067,0.051856,0.045033,0.053344,-0.009573
2025-02-28,,0.009402,-0.011715,0.021959,0.003976,,-0.00528,-0.062327,0.029653,-0.037047,0.005568,,,0.027837,0.001638,-0.032081,-0.018468,,-0.018094,,0.011215,0.011497,-0.046315,0.00723,0.067874,0.009072,-0.090179,-0.087214,-0.097834,
